<?xml version="1.0" encoding="UTF-8"?>
<project-private xmlns="http://www.netbeans.org/ns/project-private/1">
    <editor-bookmarks xmlns="http://www.netbeans.org/ns/editor-bookmarks/2" lastBookmarkId="0"/>
    <open-files xmlns="http://www.netbeans.org/ns/projectui-open-files/2">
        <group>
            <file>file:/C:/Users/JANUS/OneDrive/Documentos/NetBeansProjects/Usuarios/src/sena/edu/Vista/Home.java</file>
            <file>file:/C:/Users/JANUS/OneDrive/Documentos/NetBeansProjects/Usuarios/src/sena/edu/Vista/Registro.java</file>
            <file>file:/C:/Users/JANUS/OneDrive/Documentos/NetBeansProjects/Usuarios/src/sena/edu/Modelo/SqlUsuarios.java</file>
            <file>file:/C:/Users/JANUS/OneDrive/Documentos/NetBeansProjects/Usuarios/src/sena/edu/Vista/Inicio.java</file>
            <file>file:/C:/Users/JANUS/OneDrive/Documentos/NetBeansProjects/Usuarios/src/sena/edu/Modelo/hash.java</file>
            <file>file:/C:/Users/JANUS/OneDrive/Documentos/NetBeansProjects/Usuarios/src/sena/edu/Vista/Login.java</file>
        </group>
    </open-files>
</project-private>
